recorded_at,candidate_id,market_id,market_slug,side,time_bucket,elapsed_seconds,remaining_seconds,signal_fair,signal_edge,signal_bid,signal_ask,signal_spread,limit_price,edge_after_fill_estimate,ml_filter_enabled,ml_predicted_ev,ml_min_ev,ml_passed,ml_reason,fill_probability,fill_prob_min_probability,fill_prob_passed,fill_prob_reason
2026-06-04T12:29:16.944789+00:00,candidate_498685179545,market_f888fc6c273b,slug_f888fc6c273b,UP,240-270,254.375,,0.509476,0.259476,0.24,0.25,0.01,0.26,,True,0.670388,0.5,True,none,0.243294,0.75,False,predicted_ev_below_threshold
2026-06-04T12:29:21.278764+00:00,candidate_ba7355311418,market_f888fc6c273b,slug_f888fc6c273b,UP,240-270,261.235,,0.443965,0.253965,0.18,0.19,0.01,0.2,,True,0.241335,0.5,False,predicted_ev_below_threshold,0.305949,0.75,False,predicted_ev_below_threshold
2026-06-04T12:29:36.587634+00:00,candidate_0cdb57819016,market_f888fc6c273b,slug_f888fc6c273b,UP,270-300,276.53,,0.628528,0.248528,0.37,0.38,0.01,0.38,,True,0.409466,0.5,False,predicted_ev_below_threshold,0.242124,0.75,False,predicted_ev_below_threshold
2026-06-04T12:29:39.597683+00:00,candidate_ce0ec9c9961a,market_f888fc6c273b,slug_f888fc6c273b,UP,270-300,279.54,,0.561145,0.241145,0.31,0.32,0.01,0.32,,True,-0.027829,0.5,False,predicted_ev_below_threshold,0.282033,0.75,False,predicted_ev_below_threshold
2026-06-04T12:32:12.860642+00:00,candidate_566df567996b,market_f7ac9261b782,slug_f7ac9261b782,DOWN,120-150,132.802,,0.276426,0.246426,0.02,0.03,0.01,0.03,,True,-0.591205,0.5,False,predicted_ev_below_threshold,0.367604,0.75,False,predicted_ev_below_threshold
2026-06-04T13:04:49.042420+00:00,candidate_4e312f8e7848,market_e68c8c4005a7,slug_e68c8c4005a7,DOWN,270-300,288.986,,0.983122,0.313122,0.66,0.67,0.01,0.69,,True,0.083791,0.5,False,predicted_ev_below_threshold,0.171703,0.75,False,predicted_ev_below_threshold
2026-06-04T13:49:50.326533+00:00,candidate_7ead5c970487,market_3ec410a2e13d,slug_3ec410a2e13d,UP,270-300,290.255,,0.364156,0.284156,0.07,0.08,0.01,0.1,,True,0.50787,0.5,True,none,0.334539,0.75,False,predicted_ev_below_threshold
2026-06-04T13:49:54.082404+00:00,candidate_c46d89dedeae,market_3ec410a2e13d,slug_3ec410a2e13d,UP,270-300,294.018,,0.423109,0.293109,0.12,0.13,0.01,0.15,,True,0.687977,0.5,True,none,0.328949,0.75,False,predicted_ev_below_threshold
2026-06-04T13:54:58.212563+00:00,candidate_587f7e541516,market_a40f690a3ca1,slug_a40f690a3ca1,DOWN,270-300,298.124,,0.480112,0.260112,0.21,0.22,0.01,0.24,,True,0.107163,0.5,False,predicted_ev_below_threshold,0.373407,0.75,False,predicted_ev_below_threshold
2026-06-04T14:04:03.474458+00:00,candidate_2f4d6733d7e8,market_3f8ebcbdde3e,slug_3f8ebcbdde3e,DOWN,240-270,243.401,,0.935153,0.275153,0.65,0.66,0.01,0.68,,True,0.133432,0.5,False,predicted_ev_below_threshold,0.137427,0.75,False,predicted_ev_below_threshold
2026-06-04T14:13:32.076436+00:00,candidate_dbfcb9f6bfd0,market_ee07318d95bb,slug_ee07318d95bb,DOWN,210-240,212.017,,0.285212,0.255212,0.01,0.03,0.02,0.04,,True,3.992705,0.5,True,none,0.320719,0.75,False,predicted_ev_below_threshold
2026-06-04T14:24:47.359519+00:00,candidate_a06fc185a80a,market_f0d256fb9f1f,slug_f0d256fb9f1f,UP,270-300,287.296,,0.393414,0.243414,0.14,0.15,0.01,0.15,,True,-0.415718,0.5,False,predicted_ev_below_threshold,0.486586,0.75,False,predicted_ev_below_threshold
2026-06-04T14:24:58.422497+00:00,candidate_b9a56e53708e,market_f0d256fb9f1f,slug_f0d256fb9f1f,DOWN,270-300,298.363,,0.436823,0.406823,0.01,0.03,0.02,0.05,,True,5.21217,0.5,True,none,0.17399,0.75,False,predicted_ev_below_threshold
2026-06-04T15:04:31.011420+00:00,candidate_f7031d526b8c,market_56d6da5208a5,slug_56d6da5208a5,UP,270-300,270.947,,0.710412,0.270412,0.43,0.44,0.01,0.46,,True,0.435484,0.5,False,predicted_ev_below_threshold,0.141016,0.75,False,predicted_ev_below_threshold
2026-06-04T15:04:52.607043+00:00,candidate_4a7e1fdd3747,market_56d6da5208a5,slug_56d6da5208a5,DOWN,270-300,292.55,,0.627236,0.257236,0.36,0.37,0.01,0.38,,True,-0.194043,0.5,False,predicted_ev_below_threshold,0.323962,0.75,False,predicted_ev_below_threshold
2026-06-04T15:14:36.791371+00:00,candidate_91cb3ff7684c,market_d412a6fbe8d9,slug_d412a6fbe8d9,UP,270-300,276.718,,0.624692,0.254692,0.36,0.37,0.01,0.38,,True,0.038271,0.5,False,predicted_ev_below_threshold,0.29996,0.75,False,predicted_ev_below_threshold
2026-06-04T15:14:40.674448+00:00,candidate_6aafd5643a1f,market_d412a6fbe8d9,slug_d412a6fbe8d9,UP,270-300,280.612,,0.884564,0.254564,0.62,0.63,0.01,0.64,,True,0.258134,0.5,False,predicted_ev_below_threshold,0.24212,0.75,False,predicted_ev_below_threshold
2026-06-04T15:29:42.654429+00:00,candidate_b4cef516e7ed,market_a6df10a89d5a,slug_a6df10a89d5a,UP,270-300,282.596,,0.796117,0.246117,0.54,0.55,0.01,0.55,,True,0.229065,0.5,False,predicted_ev_below_threshold,0.32543,0.75,False,predicted_ev_below_threshold
2026-06-04T15:36:29.440544+00:00,candidate_616e63b5e8af,market_b211cbcef019,slug_b211cbcef019,DOWN,60-90,89.38,,0.634218,0.244218,0.38,0.39,0.01,0.39,,True,-0.070521,0.5,False,predicted_ev_below_threshold,0.147443,0.75,False,predicted_ev_below_threshold
2026-06-04T15:38:47.706373+00:00,candidate_ba0a7a089336,market_b211cbcef019,slug_b211cbcef019,DOWN,210-240,227.639,,0.970266,0.240266,0.72,0.73,0.01,0.73,,True,-0.064823,0.5,False,predicted_ev_below_threshold,0.260815,0.75,False,predicted_ev_below_threshold
2026-06-04T15:39:36.160436+00:00,candidate_8e4b2dda66a9,market_b211cbcef019,slug_b211cbcef019,DOWN,270-300,276.102,,0.748951,0.248951,0.49,0.5,0.01,0.5,,True,0.362815,0.5,False,predicted_ev_below_threshold,0.280261,0.75,False,predicted_ev_below_threshold
2026-06-04T15:43:05.284496+00:00,candidate_f67d87b5a9df,market_7d490d812755,slug_7d490d812755,UP,180-210,185.204,,0.465453,0.275453,0.17,0.19,0.02,0.21,,True,0.895011,0.5,True,none,0.102784,0.75,False,predicted_ev_below_threshold
2026-06-04T15:44:39.124420+00:00,candidate_265fcfb9121a,market_7d490d812755,slug_7d490d812755,DOWN,270-300,279.059,,0.882684,0.252684,0.62,0.63,0.01,0.64,,True,-0.03425,0.5,False,predicted_ev_below_threshold,0.31533,0.75,False,predicted_ev_below_threshold
2026-06-04T16:48:58.324372+00:00,candidate_6afa6a2087db,market_823884df682e,slug_823884df682e,DOWN,210-240,236.624,,0.336585,0.246585,0.07,0.09,0.02,0.09,,True,0.80706,0.5,True,none,0.346596,0.75,False,predicted_ev_below_threshold
2026-06-04T16:49:02.053416+00:00,candidate_72dec17c05ab,market_823884df682e,slug_823884df682e,DOWN,240-270,241.996,,0.384514,0.244514,0.13,0.14,0.01,0.14,,True,0.078941,0.5,False,predicted_ev_below_threshold,0.185555,0.75,False,predicted_ev_below_threshold
2026-06-04T17:07:57.069476+00:00,candidate_c017d9f85d3d,market_9ca8a3989fb1,slug_9ca8a3989fb1,DOWN,150-180,177.001,,0.864655,0.244655,0.61,0.62,0.01,0.62,,True,-0.128018,0.5,False,predicted_ev_below_threshold,0.391936,0.75,False,predicted_ev_below_threshold
2026-06-04T17:08:00.077557+00:00,candidate_063ff896d4cf,market_9ca8a3989fb1,slug_9ca8a3989fb1,DOWN,180-210,180.008,,0.877767,0.257767,0.61,0.62,0.01,0.63,,True,-0.059998,0.5,False,predicted_ev_below_threshold,0.454193,0.75,False,predicted_ev_below_threshold
2026-06-04T17:08:26.420410+00:00,candidate_c6e9c7b30e13,market_9ca8a3989fb1,slug_9ca8a3989fb1,DOWN,180-210,206.365,,0.819542,0.259542,0.55,0.56,0.01,0.57,,True,0.007089,0.5,False,predicted_ev_below_threshold,0.247703,0.75,False,predicted_ev_below_threshold
2026-06-04T17:09:06.332531+00:00,candidate_643fca9932d9,market_9ca8a3989fb1,slug_9ca8a3989fb1,DOWN,240-270,246.262,,0.940001,0.240001,0.69,0.7,0.01,0.7,,True,0.069444,0.5,False,predicted_ev_below_threshold,0.445524,0.75,False,predicted_ev_below_threshold
2026-06-04T17:09:13.567437+00:00,candidate_45ccd2b9c421,market_9ca8a3989fb1,slug_9ca8a3989fb1,UP,240-270,253.502,,0.703804,0.303804,0.39,0.4,0.01,0.42,,True,0.568358,0.5,True,none,0.303843,0.75,False,predicted_ev_below_threshold
2026-06-04T17:10:57.025529+00:00,candidate_bbc6e89ddaf5,market_8bf510254051,slug_8bf510254051,UP,30-60,56.961,,0.632159,0.282159,0.34,0.35,0.01,0.37,,True,0.506125,0.5,True,none,0.141976,0.75,False,predicted_ev_below_threshold
2026-06-04T17:11:21.508495+00:00,candidate_44f98e02020a,market_8bf510254051,slug_8bf510254051,UP,60-90,81.452,,0.825087,0.245087,0.57,0.58,0.01,0.58,,True,-0.091895,0.5,False,predicted_ev_below_threshold,0.217413,0.75,False,predicted_ev_below_threshold
2026-06-04T17:15:26.520402+00:00,candidate_bebd14b2842c,market_01d0ccb3cfc3,slug_01d0ccb3cfc3,DOWN,0-30,26.448,,0.871361,0.241361,0.62,0.63,0.01,0.63,,True,-0.227146,0.5,False,predicted_ev_below_threshold,0.257375,0.75,False,predicted_ev_below_threshold
2026-06-04T17:24:02.370570+00:00,candidate_fd99160743c7,market_1ff90cbcb37d,slug_1ff90cbcb37d,DOWN,240-270,242.296,,0.76724,0.24724,0.51,0.52,0.01,0.52,,True,0.110885,0.5,False,predicted_ev_below_threshold,0.193758,0.75,False,predicted_ev_below_threshold
2026-06-04T17:45:45.545464+00:00,candidate_47ef5eb68c07,market_0fa923f09ca1,slug_0fa923f09ca1,DOWN,30-60,45.483,,0.853986,0.253986,0.59,0.6,0.01,0.61,,True,0.043856,0.5,False,predicted_ev_below_threshold,0.227998,0.75,False,predicted_ev_below_threshold
2026-06-04T17:51:11.460400+00:00,candidate_ce23dfa4bc8a,market_57743004afd2,slug_57743004afd2,UP,60-90,71.404,,0.86237,0.26237,0.59,0.6,0.01,0.62,,True,-0.198805,0.5,False,predicted_ev_below_threshold,0.204608,0.75,False,predicted_ev_below_threshold
2026-06-04T18:11:29.915408+00:00,candidate_b4aa71017c95,market_fd2adcbda133,slug_fd2adcbda133,DOWN,60-90,89.862,,0.866202,0.286202,0.57,0.58,0.01,0.6,,True,0.196634,0.5,False,predicted_ev_below_threshold,0.194678,0.75,False,predicted_ev_below_threshold
2026-06-04T18:29:12.966395+00:00,candidate_519577a849dd,market_056fcdf889fa,slug_056fcdf889fa,UP,240-270,252.912,,0.958074,0.258074,0.69,0.7,0.01,0.71,,True,0.493272,0.5,False,predicted_ev_below_threshold,0.365207,0.75,False,predicted_ev_below_threshold
2026-06-04T18:32:33.689390+00:00,candidate_f621f85d4abc,market_f18ee315e12f,slug_f18ee315e12f,UP,150-180,153.615,,0.439826,0.269826,0.16,0.17,0.01,0.19,,True,0.662838,0.5,True,none,0.113903,0.75,False,predicted_ev_below_threshold
2026-06-04T19:11:32.076392+00:00,candidate_9023b4f7ccb0,market_b2045c4a5086,slug_b2045c4a5086,DOWN,90-120,92.015,,0.948241,0.248241,0.69,0.7,0.01,0.7,,True,-0.11958,0.5,False,predicted_ev_below_threshold,0.446351,0.75,False,predicted_ev_below_threshold
2026-06-04T19:11:42.545603+00:00,candidate_af5e247053fc,market_b2045c4a5086,slug_b2045c4a5086,DOWN,90-120,102.476,,0.923676,0.243676,0.67,0.68,0.01,0.68,,True,-0.087822,0.5,False,predicted_ev_below_threshold,0.4556,0.75,False,predicted_ev_below_threshold
2026-06-04T19:12:16.069367+00:00,candidate_ed4c1211940d,market_b2045c4a5086,slug_b2045c4a5086,DOWN,120-150,136.007,,0.973406,0.243406,0.72,0.73,0.01,0.73,,True,-0.066785,0.5,False,predicted_ev_below_threshold,0.496079,0.75,False,predicted_ev_below_threshold
2026-06-04T19:12:19.092051+00:00,candidate_e1c34fa506f9,market_b2045c4a5086,slug_b2045c4a5086,DOWN,120-150,139.029,,0.944138,0.254138,0.68,0.69,0.01,0.7,,True,-0.003259,0.5,False,predicted_ev_below_threshold,0.474344,0.75,False,predicted_ev_below_threshold
2026-06-04T19:12:22.088400+00:00,candidate_66f15a09947f,market_b2045c4a5086,slug_b2045c4a5086,DOWN,120-150,142.031,,0.951872,0.261872,0.68,0.69,0.01,0.71,,True,0.00725,0.5,False,predicted_ev_below_threshold,0.464004,0.75,False,predicted_ev_below_threshold
2026-06-04T19:23:59.072546+00:00,candidate_5bb2894bcae5,market_e58431694b27,slug_e58431694b27,DOWN,210-240,239.003,,0.75072,0.25072,0.49,0.5,0.01,0.51,,True,0.031071,0.5,False,predicted_ev_below_threshold,0.21325,0.75,False,predicted_ev_below_threshold
2026-06-04T19:24:29.983406+00:00,candidate_07af82f7a1fb,market_e58431694b27,slug_e58431694b27,UP,240-270,269.922,,0.628832,0.258832,0.36,0.37,0.01,0.38,,True,0.551384,0.5,True,none,0.216114,0.75,False,predicted_ev_below_threshold
2026-06-04T19:27:56.870410+00:00,candidate_8b26c04725b7,market_9c09dc08d761,slug_9c09dc08d761,UP,150-180,176.809,,0.894836,0.254836,0.63,0.64,0.01,0.65,,True,0.027894,0.5,False,predicted_ev_below_threshold,0.352829,0.75,False,predicted_ev_below_threshold
2026-06-04T19:56:43.784446+00:00,candidate_38c61493e740,market_10e8b1964f85,slug_10e8b1964f85,DOWN,90-120,103.73,,0.988545,0.248545,0.73,0.74,0.01,0.74,,True,-0.058502,0.5,False,predicted_ev_below_threshold,0.297777,0.75,False,predicted_ev_below_threshold
2026-06-04T20:47:06.239451+00:00,candidate_46df37dc79ff,market_2c25034248cf,slug_2c25034248cf,UP,120-150,126.178,,0.803949,0.243949,0.55,0.56,0.01,0.56,,True,0.114957,0.5,False,predicted_ev_below_threshold,0.310472,0.75,False,predicted_ev_below_threshold
2026-06-04T20:56:14.774442+00:00,candidate_f0bb049aadf0,market_e794fd33156f,slug_e794fd33156f,UP,60-90,74.717,,0.894568,0.244568,0.64,0.65,0.01,0.65,,True,0.03188,0.5,False,predicted_ev_below_threshold,0.497752,0.75,False,predicted_ev_below_threshold
2026-06-04T21:05:56.838446+00:00,candidate_19a0c17838d1,market_f607377f3d08,slug_f607377f3d08,UP,30-60,56.783,,0.839118,0.259118,0.57,0.58,0.01,0.59,,True,0.099085,0.5,False,predicted_ev_below_threshold,0.358341,0.75,False,predicted_ev_below_threshold
2026-06-04T21:17:24.069373+00:00,candidate_bbd829639059,market_685c1898e90a,slug_685c1898e90a,DOWN,120-150,144.003,,0.92743,0.27743,0.64,0.65,0.01,0.67,,True,-0.025735,0.5,False,predicted_ev_below_threshold,0.529525,0.75,False,predicted_ev_below_threshold
2026-06-04T21:17:27.071405+00:00,candidate_94d79a8c803f,market_685c1898e90a,slug_685c1898e90a,DOWN,120-150,147.006,,0.929431,0.249431,0.67,0.68,0.01,0.68,,True,-0.054538,0.5,False,predicted_ev_below_threshold,0.561163,0.75,False,predicted_ev_below_threshold
2026-06-04T21:17:30.098426+00:00,candidate_4fb13e359a71,market_685c1898e90a,slug_685c1898e90a,DOWN,150-180,150.027,,0.946363,0.266363,0.67,0.68,0.01,0.7,,True,-0.041691,0.5,False,predicted_ev_below_threshold,0.563266,0.75,False,predicted_ev_below_threshold
2026-06-04T21:17:33.105479+00:00,candidate_8c129ea78cc4,market_685c1898e90a,slug_685c1898e90a,DOWN,150-180,153.03,,0.954658,0.284658,0.66,0.67,0.01,0.69,,True,-0.010088,0.5,False,predicted_ev_below_threshold,0.549509,0.75,False,predicted_ev_below_threshold
2026-06-04T21:17:36.084486+00:00,candidate_71d08d3d22c9,market_685c1898e90a,slug_685c1898e90a,DOWN,150-180,156.027,,0.957624,0.287624,0.66,0.67,0.01,0.69,,True,-0.031788,0.5,False,predicted_ev_below_threshold,0.541231,0.75,False,predicted_ev_below_threshold
2026-06-04T21:17:39.094382+00:00,candidate_6a43f39b9d9c,market_685c1898e90a,slug_685c1898e90a,DOWN,150-180,159.03,,0.994019,0.264019,0.72,0.73,0.01,0.75,,True,-0.080856,0.5,False,predicted_ev_below_threshold,0.532872,0.75,False,predicted_ev_below_threshold
2026-06-04T21:28:18.768472+00:00,candidate_eee3499297cd,market_6423e72104d8,slug_6423e72104d8,DOWN,180-210,198.711,,0.945882,0.245882,0.69,0.7,0.01,0.7,,True,-0.191021,0.5,False,predicted_ev_below_threshold,0.305996,0.75,False,predicted_ev_below_threshold
2026-06-04T21:36:42.160496+00:00,candidate_0207c7570112,market_9f1c8bfbc1b8,slug_9f1c8bfbc1b8,DOWN,90-120,102.1,,0.915925,0.245925,0.66,0.67,0.01,0.67,,True,-0.223259,0.5,False,predicted_ev_below_threshold,0.451868,0.75,False,predicted_ev_below_threshold
2026-06-04T21:51:56.608460+00:00,candidate_4efbb7f96164,market_a75f10e0d42e,slug_a75f10e0d42e,DOWN,90-120,116.534,,0.974424,0.244424,0.72,0.73,0.01,0.73,,True,-0.067433,0.5,False,predicted_ev_below_threshold,0.560686,0.75,False,predicted_ev_below_threshold
2026-06-04T21:51:59.616393+00:00,candidate_cb1cab2a486f,market_a75f10e0d42e,slug_a75f10e0d42e,DOWN,90-120,119.554,,0.967391,0.247391,0.71,0.72,0.01,0.72,,True,-0.020409,0.5,False,predicted_ev_below_threshold,0.564587,0.75,False,predicted_ev_below_threshold
2026-06-04T21:53:18.788349+00:00,candidate_182681a72601,market_a75f10e0d42e,slug_a75f10e0d42e,DOWN,180-210,198.726,,0.560201,0.250201,0.3,0.31,0.01,0.32,,True,-0.138737,0.5,False,predicted_ev_below_threshold,0.194677,0.75,False,predicted_ev_below_threshold
2026-06-04T21:55:45.691214+00:00,candidate_3ab0836be31d,market_c3c4c42809ab,slug_c3c4c42809ab,DOWN,30-60,45.65,,0.960601,0.240601,0.71,0.72,0.01,0.72,,True,-0.216147,0.5,False,predicted_ev_below_threshold,0.369245,0.75,False,predicted_ev_below_threshold
2026-06-04T22:04:40.419353+00:00,candidate_a0738bdd26d7,market_4f4e1df6cdc7,slug_4f4e1df6cdc7,DOWN,270-300,280.383,,0.353564,0.263564,0.08,0.09,0.01,0.11,,True,-0.069048,0.5,False,predicted_ev_below_threshold,0.481818,0.75,False,predicted_ev_below_threshold
2026-06-04T22:07:12.078594+00:00,candidate_efab4efb6999,market_44a3b00bceb7,slug_44a3b00bceb7,UP,120-150,132.019,,0.428037,0.248037,0.17,0.18,0.01,0.18,,True,-0.052156,0.5,False,predicted_ev_below_threshold,0.321881,0.75,False,predicted_ev_below_threshold
2026-06-04T22:14:33.588385+00:00,candidate_d3ab1925ed00,market_030cabf03519,slug_030cabf03519,UP,270-300,273.534,,0.485819,0.265819,0.21,0.22,0.01,0.24,,True,-0.096004,0.5,False,predicted_ev_below_threshold,0.369768,0.75,False,predicted_ev_below_threshold
2026-06-04T22:14:42.307417+00:00,candidate_1106329e4c48,market_030cabf03519,slug_030cabf03519,UP,270-300,282.24,,0.810037,0.250037,0.55,0.56,0.01,0.57,,True,0.087321,0.5,False,predicted_ev_below_threshold,0.225836,0.75,False,predicted_ev_below_threshold
2026-06-04T22:24:01.431444+00:00,candidate_9462f3f186a5,market_4805c0381659,slug_4805c0381659,UP,240-270,241.366,,0.880132,0.320132,0.55,0.56,0.01,0.58,,True,0.391324,0.5,False,predicted_ev_below_threshold,0.184941,0.75,False,predicted_ev_below_threshold
2026-06-04T22:29:04.972417+00:00,candidate_df50396d2bf5,market_7af89de3e9ed,slug_7af89de3e9ed,DOWN,240-270,244.91,,0.88869,0.29869,0.58,0.59,0.01,0.61,,True,0.345749,0.5,False,predicted_ev_below_threshold,0.232629,0.75,False,predicted_ev_below_threshold
2026-06-04T22:47:30.778406+00:00,candidate_cffd1943c8eb,market_26170d6039e0,slug_26170d6039e0,DOWN,150-180,150.718,,0.674188,0.244188,0.42,0.43,0.01,0.43,,True,0.082979,0.5,False,predicted_ev_below_threshold,0.237935,0.75,False,predicted_ev_below_threshold
2026-06-04T22:52:08.235339+00:00,candidate_d4fb87438211,market_e9ea8b43ad76,slug_e9ea8b43ad76,DOWN,120-150,128.18,,0.683416,0.243416,0.43,0.44,0.01,0.44,,True,-0.2286,0.5,False,predicted_ev_below_threshold,0.266759,0.75,False,predicted_ev_below_threshold
2026-06-04T22:52:43.437408+00:00,candidate_fc2e79021d00,market_e9ea8b43ad76,slug_e9ea8b43ad76,DOWN,150-180,163.381,,0.779526,0.269526,0.5,0.51,0.01,0.53,,True,0.056554,0.5,False,predicted_ev_below_threshold,0.211997,0.75,False,predicted_ev_below_threshold
2026-06-04T22:53:04.473597+00:00,candidate_ba8139fb88b2,market_e9ea8b43ad76,slug_e9ea8b43ad76,UP,180-210,184.412,,0.855478,0.335478,0.51,0.52,0.01,0.54,,True,0.372011,0.5,False,predicted_ev_below_threshold,0.14893,0.75,False,predicted_ev_below_threshold
2026-06-04T23:02:50.574409+00:00,candidate_9a730cb66b57,market_01a95de328fa,slug_01a95de328fa,DOWN,150-180,170.511,,0.826601,0.256601,0.56,0.57,0.01,0.58,,True,0.113059,0.5,False,predicted_ev_below_threshold,0.352853,0.75,False,predicted_ev_below_threshold
2026-06-04T23:06:45.704395+00:00,candidate_d33ad2696ddc,market_9f014af0d341,slug_9f014af0d341,DOWN,90-120,105.651,,0.862349,0.242349,0.61,0.62,0.01,0.62,,True,-0.11901,0.5,False,predicted_ev_below_threshold,0.293032,0.75,False,predicted_ev_below_threshold
2026-06-04T23:08:00.896376+00:00,candidate_01329c9f906a,market_9f014af0d341,slug_9f014af0d341,DOWN,180-210,180.824,,0.773,0.243,0.52,0.53,0.01,0.53,,True,-0.019551,0.5,False,predicted_ev_below_threshold,0.220224,0.75,False,predicted_ev_below_threshold
2026-06-04T23:08:56.326532+00:00,candidate_ec12a7253849,market_9f014af0d341,slug_9f014af0d341,DOWN,210-240,236.263,,0.822837,0.242837,0.57,0.58,0.01,0.58,,True,-0.293918,0.5,False,predicted_ev_below_threshold,0.190827,0.75,False,predicted_ev_below_threshold
2026-06-04T23:27:37.267396+00:00,candidate_68b87acdf35d,market_74ad7554b78b,slug_74ad7554b78b,UP,150-180,157.201,,0.931978,0.241978,0.68,0.69,0.01,0.69,,True,0.248547,0.5,False,predicted_ev_below_threshold,0.411554,0.75,False,predicted_ev_below_threshold
2026-06-04T23:42:39.057379+00:00,candidate_c57e9c6319ea,market_d1a14177020c,slug_d1a14177020c,UP,150-180,158.998,,0.956347,0.246347,0.7,0.71,0.01,0.71,,True,0.049272,0.5,False,predicted_ev_below_threshold,0.609911,0.75,False,predicted_ev_below_threshold
2026-06-04T23:42:42.065548+00:00,candidate_3b36ee8af0b5,market_d1a14177020c,slug_d1a14177020c,UP,150-180,161.998,,0.951689,0.261689,0.68,0.69,0.01,0.71,,True,-0.010799,0.5,False,predicted_ev_below_threshold,0.575843,0.75,False,predicted_ev_below_threshold
2026-06-04T23:42:45.060457+00:00,candidate_3d8022d31db2,market_d1a14177020c,slug_d1a14177020c,UP,150-180,165.001,,0.945312,0.255312,0.68,0.69,0.01,0.7,,True,0.061797,0.5,False,predicted_ev_below_threshold,0.605512,0.75,False,predicted_ev_below_threshold
2026-06-04T23:58:51.614408+00:00,candidate_f0b61d7d85a4,market_c97521e1e7b8,slug_c97521e1e7b8,UP,210-240,231.537,,0.819072,0.289072,0.52,0.53,0.01,0.55,,True,0.14176,0.5,False,predicted_ev_below_threshold,0.295604,0.75,False,predicted_ev_below_threshold
2026-06-04T23:59:36.711411+00:00,candidate_7d3fa545f2a7,market_c97521e1e7b8,slug_c97521e1e7b8,UP,270-300,276.672,,0.996961,0.266961,0.72,0.73,0.01,0.75,,True,0.199504,0.5,False,predicted_ev_below_threshold,0.480567,0.75,False,predicted_ev_below_threshold
2026-06-05T00:19:29.468498+00:00,candidate_38214b9c94fb,market_bdb7edac602a,slug_bdb7edac602a,UP,240-270,269.409,,0.725949,0.285949,0.43,0.44,0.01,0.46,,True,0.835045,0.5,True,none,0.286363,0.75,False,predicted_ev_below_threshold
2026-06-05T00:30:33.578443+00:00,candidate_e2ddf3b41079,market_091d385c64c4,slug_091d385c64c4,UP,30-60,33.522,,0.733638,0.243638,0.48,0.49,0.01,0.49,,True,0.198844,0.5,False,predicted_ev_below_threshold,0.436211,0.75,False,predicted_ev_below_threshold
2026-06-05T00:33:48.695481+00:00,candidate_a1e619d15fe0,market_091d385c64c4,slug_091d385c64c4,DOWN,210-240,228.637,,0.526902,0.246902,0.27,0.28,0.01,0.28,,True,0.186777,0.5,False,predicted_ev_below_threshold,0.21159,0.75,False,predicted_ev_below_threshold
2026-06-05T00:34:10.660432+00:00,candidate_58740633bd3b,market_091d385c64c4,slug_091d385c64c4,DOWN,240-270,250.599,,0.865271,0.285271,0.57,0.58,0.01,0.6,,True,0.072025,0.5,False,predicted_ev_below_threshold,0.335643,0.75,False,predicted_ev_below_threshold
2026-06-05T00:34:24.112428+00:00,candidate_3eb8f3c67271,market_091d385c64c4,slug_091d385c64c4,DOWN,240-270,264.055,,0.803586,0.243586,0.55,0.56,0.01,0.56,,True,0.269882,0.5,False,predicted_ev_below_threshold,0.329452,0.75,False,predicted_ev_below_threshold
2026-06-05T00:34:34.737352+00:00,candidate_f882daea7be8,market_091d385c64c4,slug_091d385c64c4,DOWN,270-300,274.679,,0.960007,0.240007,0.71,0.72,0.01,0.72,,True,-0.020518,0.5,False,predicted_ev_below_threshold,0.462584,0.75,False,predicted_ev_below_threshold
2026-06-05T00:34:39.990435+00:00,candidate_b8274670a3e5,market_091d385c64c4,slug_091d385c64c4,DOWN,270-300,279.931,,0.968672,0.278672,0.68,0.69,0.01,0.71,,True,0.036653,0.5,False,predicted_ev_below_threshold,0.326093,0.75,False,predicted_ev_below_threshold
2026-06-05T00:34:42.995366+00:00,candidate_d52735b172e6,market_091d385c64c4,slug_091d385c64c4,DOWN,270-300,282.936,,0.935521,0.335521,0.59,0.6,0.01,0.62,,True,0.072908,0.5,False,predicted_ev_below_threshold,0.259594,0.75,False,predicted_ev_below_threshold
2026-06-05T01:12:52.871521+00:00,candidate_65abc85cfe00,market_33f40056f91a,slug_33f40056f91a,UP,150-180,172.81,,0.983385,0.253385,0.72,0.73,0.01,0.74,,True,0.085005,0.5,False,predicted_ev_below_threshold,0.569322,0.75,False,predicted_ev_below_threshold
2026-06-05T01:43:35.073546+00:00,candidate_291913cec7fd,market_7f70dbe4fa8e,slug_7f70dbe4fa8e,UP,210-240,214.995,,0.937933,0.267933,0.66,0.67,0.01,0.69,,True,0.045329,0.5,False,predicted_ev_below_threshold,0.376306,0.75,False,predicted_ev_below_threshold
2026-06-05T01:54:29.864335+00:00,candidate_15d41b79496a,market_fc67c46a09fb,slug_fc67c46a09fb,DOWN,240-270,269.814,,0.724744,0.304744,0.41,0.42,0.01,0.44,,True,0.125653,0.5,False,predicted_ev_below_threshold,0.2872,0.75,False,predicted_ev_below_threshold
2026-06-05T01:56:49.966453+00:00,candidate_b1650bf91451,market_901d5d02973d,slug_901d5d02973d,UP,90-120,109.907,,0.88312,0.27312,0.6,0.61,0.01,0.63,,True,0.092087,0.5,False,predicted_ev_below_threshold,0.382666,0.75,False,predicted_ev_below_threshold
2026-06-05T01:58:03.342447+00:00,candidate_37bfe4b808a7,market_901d5d02973d,slug_901d5d02973d,DOWN,180-210,183.279,,0.542498,0.242498,0.29,0.3,0.01,0.3,,True,-0.377178,0.5,False,predicted_ev_below_threshold,0.180737,0.75,False,predicted_ev_below_threshold
2026-06-05T02:04:01.507376+00:00,candidate_96fd663541ff,market_356e0c4ea508,slug_356e0c4ea508,DOWN,240-270,241.443,,0.77958,0.24958,0.52,0.53,0.01,0.53,,True,0.216394,0.5,False,predicted_ev_below_threshold,0.310235,0.75,False,predicted_ev_below_threshold
2026-06-05T02:07:31.041412+00:00,candidate_563be32b156d,market_12e5a4da499c,slug_12e5a4da499c,DOWN,150-180,150.983,,0.815472,0.275472,0.53,0.54,0.01,0.56,,True,0.238313,0.5,False,predicted_ev_below_threshold,0.300504,0.75,False,predicted_ev_below_threshold
2026-06-05T02:07:37.144396+00:00,candidate_735e785511ef,market_12e5a4da499c,slug_12e5a4da499c,DOWN,150-180,157.091,,0.900717,0.330717,0.55,0.57,0.02,0.59,,True,0.807204,0.5,True,none,0.177809,0.75,False,predicted_ev_below_threshold
2026-06-05T02:13:31.244348+00:00,candidate_b1ed5b89b342,market_2e527fdd46e5,slug_2e527fdd46e5,DOWN,210-240,211.183,,0.539512,0.289513,0.23,0.25,0.02,0.27,,True,0.734118,0.5,True,none,0.188925,0.75,False,predicted_ev_below_threshold
2026-06-05T02:18:06.535470+00:00,candidate_41e03be9b04b,market_daa0a8e08bf4,slug_daa0a8e08bf4,DOWN,180-210,186.474,,0.407739,0.247739,0.14,0.16,0.02,0.16,,True,0.651245,0.5,True,none,0.284426,0.75,False,predicted_ev_below_threshold
2026-06-05T02:18:09.967420+00:00,candidate_0e7b63f2c0ac,market_daa0a8e08bf4,slug_daa0a8e08bf4,DOWN,180-210,189.909,,0.409221,0.249221,0.15,0.16,0.01,0.16,,True,0.500196,0.5,True,none,0.291156,0.75,False,predicted_ev_below_threshold
2026-06-05T02:18:12.963432+00:00,candidate_4bea19f163fb,market_daa0a8e08bf4,slug_daa0a8e08bf4,DOWN,180-210,192.907,,0.430829,0.260829,0.16,0.17,0.01,0.19,,True,0.277643,0.5,False,predicted_ev_below_threshold,0.34373,0.75,False,predicted_ev_below_threshold
2026-06-05T02:18:15.995445+00:00,candidate_99af6e29282c,market_daa0a8e08bf4,slug_daa0a8e08bf4,DOWN,180-210,195.938,,0.423406,0.253406,0.16,0.17,0.01,0.18,,True,0.297464,0.5,False,predicted_ev_below_threshold,0.261731,0.75,False,predicted_ev_below_threshold
2026-06-05T02:18:25.188448+00:00,candidate_4f1356af556a,market_daa0a8e08bf4,slug_daa0a8e08bf4,DOWN,180-210,205.125,,0.598598,0.248598,0.33,0.35,0.02,0.35,,True,0.217387,0.5,False,predicted_ev_below_threshold,0.175149,0.75,False,predicted_ev_below_threshold
2026-06-05T02:21:18.050362+00:00,candidate_2cab5e490bc7,market_a681b09c53c8,slug_a681b09c53c8,UP,60-90,77.993,,0.33483,0.24483,0.08,0.09,0.01,0.09,,True,-0.675741,0.5,False,predicted_ev_below_threshold,0.572903,0.75,False,predicted_ev_below_threshold
2026-06-05T02:21:21.128384+00:00,candidate_f2d8721c3033,market_a681b09c53c8,slug_a681b09c53c8,UP,60-90,81.068,,0.364235,0.274235,0.08,0.09,0.01,0.11,,True,-0.049269,0.5,False,predicted_ev_below_threshold,0.543154,0.75,False,predicted_ev_below_threshold
2026-06-05T02:21:24.997421+00:00,candidate_21e42665ff59,market_a681b09c53c8,slug_a681b09c53c8,UP,60-90,84.937,,0.367082,0.277082,0.08,0.09,0.01,0.11,,True,-0.150346,0.5,False,predicted_ev_below_threshold,0.543154,0.75,False,predicted_ev_below_threshold
2026-06-05T02:25:28.841410+00:00,candidate_0b6a684f777d,market_7694794072b2,slug_7694794072b2,DOWN,0-30,28.78,,0.845095,0.265095,0.56,0.58,0.02,0.6,,True,-0.107287,0.5,False,predicted_ev_below_threshold,0.387139,0.75,False,predicted_ev_below_threshold
2026-06-05T02:31:30.724416+00:00,candidate_afead03f16d3,market_91fc5804010d,slug_91fc5804010d,UP,90-120,90.664,,0.728883,0.268883,0.45,0.46,0.01,0.48,,True,-0.011422,0.5,False,predicted_ev_below_threshold,0.365032,0.75,False,predicted_ev_below_threshold
2026-06-05T02:36:47.145382+00:00,candidate_364d0181095a,market_45c49a18d907,slug_45c49a18d907,DOWN,90-120,107.086,,0.442959,0.242959,0.19,0.2,0.01,0.2,,True,0.38643,0.5,False,predicted_ev_below_threshold,0.204771,0.75,False,predicted_ev_below_threshold
2026-06-05T02:49:09.165397+00:00,candidate_c453db6a290f,market_ba8774599b87,slug_ba8774599b87,UP,240-270,249.107,,0.560709,0.290709,0.26,0.27,0.01,0.29,,True,-0.182696,0.5,False,predicted_ev_below_threshold,0.254003,0.75,False,predicted_ev_below_threshold
2026-06-05T02:49:23.586414+00:00,candidate_4879255f5b21,market_ba8774599b87,slug_ba8774599b87,UP,240-270,263.529,,0.47624,0.26624,0.2,0.21,0.01,0.23,,True,-0.215017,0.5,False,predicted_ev_below_threshold,0.405852,0.75,False,predicted_ev_below_threshold
2026-06-05T02:49:36.360465+00:00,candidate_3444f50a32ab,market_ba8774599b87,slug_ba8774599b87,UP,270-300,276.292,,0.52636,0.28636,0.23,0.24,0.01,0.26,,True,0.097121,0.5,False,predicted_ev_below_threshold,0.373972,0.75,False,predicted_ev_below_threshold
2026-06-05T02:54:18.081505+00:00,candidate_515a87a5cc22,market_63e693a7f2eb,slug_63e693a7f2eb,DOWN,240-270,258.026,,0.900215,0.550215,0.34,0.35,0.01,0.37,,True,1.815514,0.5,True,none,0.184789,0.75,False,predicted_ev_below_threshold
2026-06-05T02:58:04.843494+00:00,candidate_9e737403ab84,market_1b3431a13f37,slug_1b3431a13f37,DOWN,180-210,184.779,,0.49653,0.27653,0.21,0.22,0.01,0.24,,True,0.576358,0.5,True,none,0.229374,0.75,False,predicted_ev_below_threshold
2026-06-05T02:58:25.694375+00:00,candidate_7e5d6d2105c1,market_1b3431a13f37,slug_1b3431a13f37,DOWN,180-210,205.635,,0.602358,0.282358,0.31,0.32,0.01,0.34,,True,1.287387,0.5,True,none,0.16282,0.75,False,predicted_ev_below_threshold
2026-06-05T02:58:28.730444+00:00,candidate_7897d463cfd7,market_1b3431a13f37,slug_1b3431a13f37,DOWN,180-210,208.671,,0.616909,0.296909,0.31,0.32,0.01,0.34,,True,0.91292,0.5,True,none,0.159783,0.75,False,predicted_ev_below_threshold
2026-06-05T02:58:41.238420+00:00,candidate_e8d72f2293d7,market_1b3431a13f37,slug_1b3431a13f37,DOWN,210-240,221.187,,0.809791,0.349791,0.45,0.46,0.01,0.48,,True,0.258231,0.5,False,predicted_ev_below_threshold,0.237615,0.75,False,predicted_ev_below_threshold
2026-06-05T02:58:54.085415+00:00,candidate_29521869c07c,market_1b3431a13f37,slug_1b3431a13f37,DOWN,210-240,234.029,,0.795902,0.295902,0.49,0.5,0.01,0.52,,True,0.077271,0.5,False,predicted_ev_below_threshold,0.285049,0.75,False,predicted_ev_below_threshold
2026-06-05T02:58:57.740398+00:00,candidate_26600a530b39,market_1b3431a13f37,slug_1b3431a13f37,DOWN,210-240,237.682,,0.862181,0.292181,0.55,0.57,0.02,0.59,,True,0.077834,0.5,False,predicted_ev_below_threshold,0.316141,0.75,False,predicted_ev_below_threshold
2026-06-05T03:12:25.553492+00:00,candidate_95a629c08d5b,market_085457ff595f,slug_085457ff595f,DOWN,120-150,145.49,,0.826763,0.246763,0.57,0.58,0.01,0.58,,True,0.043584,0.5,False,predicted_ev_below_threshold,0.360645,0.75,False,predicted_ev_below_threshold
2026-06-05T03:12:28.548352+00:00,candidate_f65dd7ca1327,market_085457ff595f,slug_085457ff595f,DOWN,120-150,148.492,,0.821674,0.251674,0.56,0.57,0.01,0.58,,True,0.002501,0.5,False,predicted_ev_below_threshold,0.333914,0.75,False,predicted_ev_below_threshold
2026-06-05T03:12:31.610437+00:00,candidate_e7f040326644,market_085457ff595f,slug_085457ff595f,DOWN,150-180,151.552,,0.842401,0.282401,0.55,0.56,0.01,0.58,,True,0.284176,0.5,False,predicted_ev_below_threshold,0.325077,0.75,False,predicted_ev_below_threshold
2026-06-05T03:12:40.814442+00:00,candidate_de29089ede7e,market_085457ff595f,slug_085457ff595f,DOWN,150-180,160.758,,0.790621,0.240621,0.54,0.55,0.01,0.55,,True,0.102862,0.5,False,predicted_ev_below_threshold,0.384076,0.75,False,predicted_ev_below_threshold
2026-06-05T03:13:06.475408+00:00,candidate_f3350c7c70cf,market_085457ff595f,slug_085457ff595f,DOWN,180-210,186.399,,0.660233,0.300233,0.34,0.36,0.02,0.38,,True,0.155023,0.5,False,predicted_ev_below_threshold,0.158089,0.75,False,predicted_ev_below_threshold
2026-06-05T03:13:39.527358+00:00,candidate_3803037c2855,market_085457ff595f,slug_085457ff595f,DOWN,210-240,219.474,,0.717954,0.267954,0.44,0.45,0.01,0.47,,True,-0.080369,0.5,False,predicted_ev_below_threshold,0.29972,0.75,False,predicted_ev_below_threshold
2026-06-05T03:14:16.488353+00:00,candidate_0a0ce414954f,market_085457ff595f,slug_085457ff595f,DOWN,240-270,256.433,,0.779164,0.279164,0.49,0.5,0.01,0.52,,True,-0.205813,0.5,False,predicted_ev_below_threshold,0.232809,0.75,False,predicted_ev_below_threshold
2026-06-05T03:14:19.506433+00:00,candidate_868729568861,market_085457ff595f,slug_085457ff595f,DOWN,240-270,259.445,,0.772749,0.272749,0.49,0.5,0.01,0.52,,True,-0.168424,0.5,False,predicted_ev_below_threshold,0.232809,0.75,False,predicted_ev_below_threshold
2026-06-05T03:14:22.760264+00:00,candidate_6acfca4d8730,market_085457ff595f,slug_085457ff595f,DOWN,240-270,262.702,,0.742443,0.292443,0.44,0.45,0.01,0.47,,True,0.168082,0.5,False,predicted_ev_below_threshold,0.238954,0.75,False,predicted_ev_below_threshold
2026-06-05T03:14:29.098428+00:00,candidate_cc441ba80ad2,market_085457ff595f,slug_085457ff595f,DOWN,240-270,269.03,,0.769714,0.279714,0.48,0.49,0.01,0.51,,True,-0.1616,0.5,False,predicted_ev_below_threshold,0.232363,0.75,False,predicted_ev_below_threshold
2026-06-05T03:14:33.123356+00:00,candidate_101a9184bb7b,market_085457ff595f,slug_085457ff595f,DOWN,270-300,273.064,,0.804187,0.274187,0.52,0.53,0.01,0.55,,True,0.018797,0.5,False,predicted_ev_below_threshold,0.239658,0.75,False,predicted_ev_below_threshold
2026-06-05T03:58:00.335443+00:00,candidate_0510ca8d1c4f,market_c37585bc00a9,slug_c37585bc00a9,DOWN,180-210,180.279,,0.584649,0.244649,0.33,0.34,0.01,0.34,,True,-0.402793,0.5,False,predicted_ev_below_threshold,0.197098,0.75,False,predicted_ev_below_threshold
2026-06-05T03:58:04.442476+00:00,candidate_b56f79a27d63,market_c37585bc00a9,slug_c37585bc00a9,DOWN,180-210,184.379,,0.695458,0.325458,0.36,0.37,0.01,0.39,,True,0.312334,0.5,False,predicted_ev_below_threshold,0.171803,0.75,False,predicted_ev_below_threshold
2026-06-05T04:12:46.086425+00:00,candidate_787c5feee634,market_afdb5586bc88,slug_afdb5586bc88,DOWN,150-180,166.035,,0.932034,0.252034,0.67,0.68,0.01,0.69,,True,-0.138253,0.5,False,predicted_ev_below_threshold,0.207608,0.75,False,predicted_ev_below_threshold
2026-06-05T04:36:05.180414+00:00,candidate_8ed3301c2a77,market_c37a09c324d9,slug_c37a09c324d9,UP,60-90,65.119,,0.850204,0.440204,0.4,0.41,0.01,0.43,,True,1.083698,0.5,True,none,0.290167,0.75,False,predicted_ev_below_threshold
2026-06-05T04:36:08.552356+00:00,candidate_150ea0520ca4,market_c37a09c324d9,slug_c37a09c324d9,UP,60-90,68.496,,0.765139,0.275139,0.48,0.49,0.01,0.51,,True,1.638608,0.5,True,none,0.343009,0.75,False,predicted_ev_below_threshold
2026-06-05T04:36:11.683441+00:00,candidate_1fe8f462b4bc,market_c37a09c324d9,slug_c37a09c324d9,UP,60-90,71.512,,0.789984,0.299984,0.48,0.49,0.01,0.51,,True,1.451872,0.5,True,none,0.288878,0.75,False,predicted_ev_below_threshold
2026-06-05T04:37:38.841385+00:00,candidate_0bc1c4538172,market_c37a09c324d9,slug_c37a09c324d9,UP,150-180,158.794,,0.669648,0.249648,0.41,0.42,0.01,0.42,,True,0.388619,0.5,False,predicted_ev_below_threshold,0.243992,0.75,False,predicted_ev_below_threshold
2026-06-05T04:37:41.942430+00:00,candidate_063b21a5fca6,market_c37a09c324d9,slug_c37a09c324d9,UP,150-180,161.89,,0.75607,0.33607,0.41,0.42,0.01,0.44,,True,0.896957,0.5,True,none,0.254971,0.75,False,predicted_ev_below_threshold
2026-06-05T04:37:44.951413+00:00,candidate_03c64cb699e6,market_c37a09c324d9,slug_c37a09c324d9,UP,150-180,164.894,,0.796777,0.336777,0.45,0.46,0.01,0.48,,True,0.589418,0.5,True,none,0.261709,0.75,False,predicted_ev_below_threshold
2026-06-05T04:38:52.387465+00:00,candidate_4141a7b34dcc,market_c37a09c324d9,slug_c37a09c324d9,UP,210-240,232.332,,0.850145,0.240145,0.6,0.61,0.01,0.61,,True,0.370769,0.5,False,predicted_ev_below_threshold,0.357919,0.75,False,predicted_ev_below_threshold
2026-06-05T04:38:56.362438+00:00,candidate_c6adfe268f73,market_c37a09c324d9,slug_c37a09c324d9,UP,210-240,236.298,,0.90603,0.29603,0.6,0.61,0.01,0.63,,True,0.541501,0.5,True,none,0.38303,0.75,False,predicted_ev_below_threshold
2026-06-05T04:46:09.103436+00:00,candidate_18e64ad5158c,market_c0073ade55e7,slug_c0073ade55e7,DOWN,60-90,69.042,,0.562331,0.252331,0.3,0.31,0.01,0.32,,True,-0.249035,0.5,False,predicted_ev_below_threshold,0.272218,0.75,False,predicted_ev_below_threshold
2026-06-05T04:46:12.351468+00:00,candidate_831e5ecb05aa,market_c0073ade55e7,slug_c0073ade55e7,DOWN,60-90,72.285,,0.630639,0.320639,0.3,0.31,0.01,0.33,,True,0.53429,0.5,True,none,0.21381,0.75,False,predicted_ev_below_threshold
2026-06-05T04:46:15.510396+00:00,candidate_073612c8bfed,market_c0073ade55e7,slug_c0073ade55e7,DOWN,60-90,75.451,,0.662722,0.352722,0.3,0.31,0.01,0.33,,True,0.593046,0.5,True,none,0.205768,0.75,False,predicted_ev_below_threshold
2026-06-05T04:46:20.937455+00:00,candidate_1987954ee99b,market_c0073ade55e7,slug_c0073ade55e7,DOWN,60-90,80.877,,0.679048,0.369048,0.3,0.31,0.01,0.33,,True,0.588035,0.5,True,none,0.257768,0.75,False,predicted_ev_below_threshold
2026-06-05T04:58:16.551467+00:00,candidate_d90d949478cb,market_20af474f7de5,slug_20af474f7de5,UP,180-210,196.484,,0.501729,0.291729,0.19,0.21,0.02,0.23,,True,0.220986,0.5,False,predicted_ev_below_threshold,0.224933,0.75,False,predicted_ev_below_threshold
2026-06-05T04:58:19.542412+00:00,candidate_f1d5891f0337,market_20af474f7de5,slug_20af474f7de5,UP,180-210,199.486,,0.553421,0.333421,0.21,0.22,0.01,0.24,,True,0.412579,0.5,False,predicted_ev_below_threshold,0.167959,0.75,False,predicted_ev_below_threshold
2026-06-05T04:58:33.643419+00:00,candidate_bdb3c569b73d,market_20af474f7de5,slug_20af474f7de5,DOWN,210-240,213.591,,0.680588,0.240588,0.43,0.44,0.01,0.44,,True,-0.273738,0.5,False,predicted_ev_below_threshold,0.316379,0.75,False,predicted_ev_below_threshold
2026-06-05T04:58:55.558484+00:00,candidate_1f9638b0e5bd,market_20af474f7de5,slug_20af474f7de5,UP,210-240,235.497,,0.855119,0.245119,0.6,0.61,0.01,0.61,,True,0.380635,0.5,False,predicted_ev_below_threshold,0.286013,0.75,False,predicted_ev_below_threshold
2026-06-05T04:58:58.943431+00:00,candidate_7dd8428e9753,market_20af474f7de5,slug_20af474f7de5,UP,210-240,238.866,,0.997585,0.257585,0.73,0.74,0.01,0.75,,True,0.416272,0.5,False,predicted_ev_below_threshold,0.460563,0.75,False,predicted_ev_below_threshold
2026-06-05T05:08:16.636426+00:00,candidate_7930a9167fce,market_fb5b54ed4aa0,slug_fb5b54ed4aa0,DOWN,180-210,196.576,,0.425376,0.255376,0.16,0.17,0.01,0.18,,True,0.622526,0.5,True,none,0.222909,0.75,False,predicted_ev_below_threshold
2026-06-05T05:33:09.898456+00:00,candidate_51b741ab4898,market_140ce1cab47b,slug_140ce1cab47b,UP,180-210,189.841,,0.446885,0.286885,0.15,0.16,0.01,0.18,,True,1.512332,0.5,True,none,0.256532,0.75,False,predicted_ev_below_threshold
2026-06-05T05:45:53.364341+00:00,candidate_d309b2f9edbb,market_09fbc5f4dad7,slug_09fbc5f4dad7,DOWN,30-60,53.307,,0.692391,0.242391,0.44,0.45,0.01,0.45,,True,0.21454,0.5,False,predicted_ev_below_threshold,0.298971,0.75,False,predicted_ev_below_threshold
2026-06-05T05:53:48.935361+00:00,candidate_a166b3e27026,market_2f66bf2294f6,slug_2f66bf2294f6,DOWN,210-240,228.877,,0.836415,0.496415,0.33,0.34,0.01,0.36,,True,1.106491,0.5,True,none,0.148635,0.75,False,predicted_ev_below_threshold
2026-06-05T05:54:34.408370+00:00,candidate_871551a8c0fc,market_2f66bf2294f6,slug_2f66bf2294f6,DOWN,270-300,274.355,,0.96709,0.38709,0.57,0.58,0.01,0.6,,True,1.093474,0.5,True,none,0.181671,0.75,False,predicted_ev_below_threshold
2026-06-05T06:01:38.738356+00:00,candidate_c9068112d1de,market_8dc5bab1e834,slug_8dc5bab1e834,UP,90-120,98.673,,0.616836,0.316836,0.29,0.3,0.01,0.32,,True,1.091886,0.5,True,none,0.288005,0.75,False,predicted_ev_below_threshold
2026-06-05T06:02:33.227469+00:00,candidate_0fde2d8efcdf,market_8dc5bab1e834,slug_8dc5bab1e834,DOWN,150-180,153.153,,0.511524,0.261524,0.24,0.25,0.01,0.27,,True,0.39201,0.5,False,predicted_ev_below_threshold,0.228838,0.75,False,predicted_ev_below_threshold
2026-06-05T06:03:16.500470+00:00,candidate_7bd28ae71c04,market_8dc5bab1e834,slug_8dc5bab1e834,DOWN,180-210,196.423,,0.931767,0.421767,0.5,0.51,0.01,0.53,,True,0.847245,0.5,True,none,0.190224,0.75,False,predicted_ev_below_threshold
2026-06-05T06:03:21.341491+00:00,candidate_b364f1589204,market_8dc5bab1e834,slug_8dc5bab1e834,DOWN,180-210,201.273,,0.869433,0.249433,0.61,0.62,0.01,0.62,,True,0.369207,0.5,False,predicted_ev_below_threshold,0.218561,0.75,False,predicted_ev_below_threshold
2026-06-05T06:18:02.763462+00:00,candidate_506b7b7f7051,market_bb786f1f4c8d,slug_bb786f1f4c8d,UP,180-210,182.696,,0.431443,0.261443,0.16,0.17,0.01,0.19,,True,0.220522,0.5,False,predicted_ev_below_threshold,0.334447,0.75,False,predicted_ev_below_threshold
2026-06-05T06:20:48.943522+00:00,candidate_3426efe934e7,market_58da246a6b3c,slug_58da246a6b3c,DOWN,30-60,48.881,,0.641867,0.241867,0.39,0.4,0.01,0.4,,True,0.171595,0.5,False,predicted_ev_below_threshold,0.296885,0.75,False,predicted_ev_below_threshold
2026-06-05T06:21:26.775356+00:00,candidate_beaeeb7a1472,market_58da246a6b3c,slug_58da246a6b3c,DOWN,60-90,86.707,,0.812536,0.252536,0.55,0.56,0.01,0.57,,True,0.218528,0.5,False,predicted_ev_below_threshold,0.343292,0.75,False,predicted_ev_below_threshold
2026-06-05T06:36:07.823485+00:00,candidate_67174e0c214a,market_0a96451671cb,slug_0a96451671cb,UP,60-90,67.755,,0.853616,0.243616,0.6,0.61,0.01,0.61,,True,0.450311,0.5,False,predicted_ev_below_threshold,0.318845,0.75,False,predicted_ev_below_threshold
2026-06-05T06:43:06.456438+00:00,candidate_fbfebaa21846,market_9a5905cf0dba,slug_9a5905cf0dba,DOWN,180-210,186.395,,0.771734,0.261734,0.5,0.51,0.01,0.53,,True,0.283422,0.5,False,predicted_ev_below_threshold,0.183186,0.75,False,predicted_ev_below_threshold
2026-06-05T06:43:29.971388+00:00,candidate_f8dca35b7aff,market_9a5905cf0dba,slug_9a5905cf0dba,UP,180-210,209.913,,0.536254,0.246254,0.28,0.29,0.01,0.29,,True,0.260425,0.5,False,predicted_ev_below_threshold,0.192947,0.75,False,predicted_ev_below_threshold
2026-06-05T06:43:33.529413+00:00,candidate_51b00a01fd19,market_9a5905cf0dba,slug_9a5905cf0dba,UP,210-240,213.469,,0.600692,0.310692,0.28,0.29,0.01,0.31,,True,1.099352,0.5,True,none,0.207943,0.75,False,predicted_ev_below_threshold
2026-06-05T06:53:17.853345+00:00,candidate_466775018c9b,market_d7d5b965b638,slug_d7d5b965b638,UP,180-210,197.798,,0.56107,0.28107,0.27,0.28,0.01,0.3,,True,0.577449,0.5,True,none,0.230499,0.75,False,predicted_ev_below_threshold
2026-06-05T06:58:25.783410+00:00,candidate_e84ade76f5ce,market_0098544e8aeb,slug_0098544e8aeb,DOWN,180-210,205.729,,0.633402,0.263402,0.36,0.37,0.01,0.39,,True,-0.065978,0.5,False,predicted_ev_below_threshold,0.180376,0.75,False,predicted_ev_below_threshold
2026-06-05T06:58:28.798410+00:00,candidate_f1a0b816d435,market_0098544e8aeb,slug_0098544e8aeb,DOWN,180-210,208.739,,0.62686,0.25686,0.36,0.37,0.01,0.38,,True,0.469183,0.5,False,predicted_ev_below_threshold,0.203199,0.75,False,predicted_ev_below_threshold
2026-06-05T06:58:38.238350+00:00,candidate_b950bc5d4980,market_0098544e8aeb,slug_0098544e8aeb,DOWN,210-240,218.179,,0.800018,0.240018,0.55,0.56,0.01,0.56,,True,0.191894,0.5,False,predicted_ev_below_threshold,0.295935,0.75,False,predicted_ev_below_threshold
2026-06-05T07:08:38.435405+00:00,candidate_aca53946e7bd,market_0fadabc3ab33,slug_0fadabc3ab33,UP,210-240,218.375,,0.517508,0.247508,0.26,0.27,0.01,0.27,,True,0.510808,0.5,True,none,0.191683,0.75,False,predicted_ev_below_threshold
2026-06-05T07:12:57.195429+00:00,candidate_aebc59987637,market_f0428ea01c1a,slug_f0428ea01c1a,UP,150-180,177.133,,0.555583,0.255583,0.29,0.3,0.01,0.31,,True,0.238079,0.5,False,predicted_ev_below_threshold,0.212785,0.75,False,predicted_ev_below_threshold
2026-06-05T07:13:54.146473+00:00,candidate_0c286e2c30ee,market_f0428ea01c1a,slug_f0428ea01c1a,UP,210-240,234.073,,0.555165,0.255165,0.29,0.3,0.01,0.31,,True,0.362048,0.5,False,predicted_ev_below_threshold,0.223241,0.75,False,predicted_ev_below_threshold
2026-06-05T07:14:35.471498+00:00,candidate_84d2ab7a5dfa,market_f0428ea01c1a,slug_f0428ea01c1a,UP,270-300,275.41,,0.45377,0.24377,0.19,0.21,0.02,0.21,,True,0.014072,0.5,False,predicted_ev_below_threshold,0.429904,0.75,False,predicted_ev_below_threshold
2026-06-05T07:14:44.252484+00:00,candidate_d816e82a7df8,market_f0428ea01c1a,slug_f0428ea01c1a,UP,270-300,284.189,,0.402923,0.252923,0.13,0.15,0.02,0.16,,True,0.237754,0.5,False,predicted_ev_below_threshold,0.543654,0.75,False,predicted_ev_below_threshold
2026-06-05T07:32:14.369389+00:00,candidate_6b1487a78c13,market_9bbb90c74be9,slug_9bbb90c74be9,UP,120-150,134.3,,0.644846,0.244846,0.39,0.4,0.01,0.4,,True,0.628156,0.5,True,none,0.242995,0.75,False,predicted_ev_below_threshold
2026-06-05T07:40:58.333466+00:00,candidate_694ca561e377,market_a7d2426388dd,slug_a7d2426388dd,UP,30-60,58.268,,0.551451,0.241451,0.3,0.31,0.01,0.31,,True,0.218166,0.5,False,predicted_ev_below_threshold,0.228554,0.75,False,predicted_ev_below_threshold
2026-06-05T07:44:08.899461+00:00,candidate_7f6695ab1d33,market_a7d2426388dd,slug_a7d2426388dd,DOWN,240-270,248.838,,0.359828,0.259828,0.09,0.1,0.01,0.11,,True,1.220805,0.5,True,none,0.365143,0.75,False,predicted_ev_below_threshold
2026-06-05T07:44:11.918451+00:00,candidate_325d0ddc0a4f,market_a7d2426388dd,slug_a7d2426388dd,DOWN,240-270,251.861,,0.446589,0.346589,0.09,0.1,0.01,0.12,,True,2.808262,0.5,True,none,0.161533,0.75,False,predicted_ev_below_threshold
2026-06-05T07:44:35.383402+00:00,candidate_100365a79f8e,market_a7d2426388dd,slug_a7d2426388dd,UP,270-300,275.327,,0.990039,0.240039,0.74,0.75,0.01,0.75,,True,-0.002643,0.5,False,predicted_ev_below_threshold,0.462046,0.75,False,predicted_ev_below_threshold
2026-06-05T07:46:30.579744+00:00,candidate_b689c85a7e6d,market_0360ea5e2497,slug_0360ea5e2497,DOWN,90-120,90.537,,0.590763,0.240763,0.34,0.35,0.01,0.35,,True,0.152781,0.5,False,predicted_ev_below_threshold,0.302133,0.75,False,predicted_ev_below_threshold
2026-06-05T07:49:37.082428+00:00,candidate_387da6b02e2b,market_0360ea5e2497,slug_0360ea5e2497,DOWN,270-300,277.019,,0.641863,0.421863,0.21,0.22,0.01,0.24,,True,2.046886,0.5,True,none,0.261276,0.75,False,predicted_ev_below_threshold
2026-06-05T07:49:40.278354+00:00,candidate_19df8cdf7a53,market_0360ea5e2497,slug_0360ea5e2497,DOWN,270-300,280.117,,0.721364,0.631364,0.07,0.09,0.02,0.11,,True,2.772221,0.5,True,none,0.158411,0.75,False,predicted_ev_below_threshold
2026-06-05T07:49:43.358365+00:00,candidate_e726ac885100,market_0360ea5e2497,slug_0360ea5e2497,DOWN,270-300,283.3,,0.747312,0.657312,0.07,0.09,0.02,0.11,,True,2.855073,0.5,True,none,0.157801,0.75,False,predicted_ev_below_threshold
2026-06-05T07:53:14.740413+00:00,candidate_1039bda3f616,market_10a759001728,slug_10a759001728,DOWN,180-210,194.682,,0.460307,0.250307,0.2,0.21,0.01,0.22,,True,0.438253,0.5,False,predicted_ev_below_threshold,0.213852,0.75,False,predicted_ev_below_threshold
2026-06-05T07:53:19.628424+00:00,candidate_f88396567a6a,market_10a759001728,slug_10a759001728,DOWN,180-210,199.573,,0.452082,0.242082,0.2,0.21,0.01,0.21,,True,0.270946,0.5,False,predicted_ev_below_threshold,0.164,0.75,False,predicted_ev_below_threshold
2026-06-05T07:54:14.320381+00:00,candidate_d8342c92977b,market_10a759001728,slug_10a759001728,UP,240-270,254.242,,0.916654,0.256654,0.65,0.66,0.01,0.67,,True,-0.053347,0.5,False,predicted_ev_below_threshold,0.379047,0.75,False,predicted_ev_below_threshold
2026-06-05T07:58:38.322408+00:00,candidate_8e7948b01741,market_1f8d95b87223,slug_1f8d95b87223,DOWN,210-240,218.258,,0.455593,0.255593,0.19,0.2,0.01,0.21,,True,0.715263,0.5,True,none,0.18145,0.75,False,predicted_ev_below_threshold
2026-06-05T08:06:37.700406+00:00,candidate_cfb7d3ea6452,market_6d32c32f9f91,slug_6d32c32f9f91,UP,90-120,97.633,,0.868483,0.318483,0.54,0.55,0.01,0.57,,True,0.23386,0.5,False,predicted_ev_below_threshold,0.204507,0.75,False,predicted_ev_below_threshold
2026-06-05T08:14:16.022293+00:00,candidate_4e1fca5c108f,market_2d02f547a1b1,slug_2d02f547a1b1,UP,240-270,255.961,,0.72619,0.24619,0.46,0.48,0.02,0.48,,True,0.533276,0.5,True,none,0.299409,0.75,False,predicted_ev_below_threshold
2026-06-05T08:14:33.853422+00:00,candidate_12ba469f00bd,market_2d02f547a1b1,slug_2d02f547a1b1,UP,270-300,273.788,,0.701241,0.291241,0.39,0.41,0.02,0.43,,True,0.59432,0.5,True,none,0.222929,0.75,False,predicted_ev_below_threshold
2026-06-05T08:32:13.289443+00:00,candidate_13e3cfa01bf7,market_bcf7f7f5d163,slug_bcf7f7f5d163,DOWN,120-150,133.228,,0.360455,0.240455,0.11,0.12,0.01,0.12,,True,-0.062757,0.5,False,predicted_ev_below_threshold,0.600984,0.75,False,predicted_ev_below_threshold
2026-06-05T08:32:16.333435+00:00,candidate_b3ae12d6234c,market_bcf7f7f5d163,slug_bcf7f7f5d163,DOWN,120-150,136.267,,0.412401,0.292401,0.11,0.12,0.01,0.14,,True,1.758496,0.5,True,none,0.217695,0.75,False,predicted_ev_below_threshold
2026-06-05T08:32:19.583384+00:00,candidate_c6c5ae8fc75e,market_bcf7f7f5d163,slug_bcf7f7f5d163,DOWN,120-150,139.523,,0.441121,0.261121,0.17,0.18,0.01,0.2,,True,0.407994,0.5,False,predicted_ev_below_threshold,0.207766,0.75,False,predicted_ev_below_threshold
2026-06-05T08:33:00.402429+00:00,candidate_112a20eef02f,market_bcf7f7f5d163,slug_bcf7f7f5d163,DOWN,180-210,180.336,,0.59108,0.27108,0.31,0.32,0.01,0.34,,True,-0.070304,0.5,False,predicted_ev_below_threshold,0.141647,0.75,False,predicted_ev_below_threshold
2026-06-05T08:33:03.420449+00:00,candidate_0abcd3277522,market_bcf7f7f5d163,slug_bcf7f7f5d163,DOWN,180-210,183.352,,0.637945,0.317945,0.31,0.32,0.01,0.34,,True,0.215635,0.5,False,predicted_ev_below_threshold,0.114692,0.75,False,predicted_ev_below_threshold
2026-06-05T08:33:06.808583+00:00,candidate_e6ef16ceb9de,market_bcf7f7f5d163,slug_bcf7f7f5d163,DOWN,180-210,186.734,,0.70817,0.27817,0.42,0.43,0.01,0.45,,True,-0.131521,0.5,False,predicted_ev_below_threshold,0.158361,0.75,False,predicted_ev_below_threshold
2026-06-05T08:33:20.872457+00:00,candidate_572e20aa73d6,market_bcf7f7f5d163,slug_bcf7f7f5d163,DOWN,180-210,200.804,,0.855573,0.335573,0.51,0.52,0.01,0.54,,True,0.921552,0.5,True,none,0.120939,0.75,False,predicted_ev_below_threshold
2026-06-05T08:48:18.937392+00:00,candidate_ce3c1299db9e,market_4f06d25002de,slug_4f06d25002de,UP,180-210,198.884,,0.897606,0.297606,0.59,0.6,0.01,0.62,,True,0.442582,0.5,False,predicted_ev_below_threshold,0.389393,0.75,False,predicted_ev_below_threshold
2026-06-05T08:51:01.599461+00:00,candidate_72f1d75ed177,market_5e669722b7e1,slug_5e669722b7e1,DOWN,60-90,61.524,,0.989619,0.249619,0.73,0.74,0.01,0.74,,True,-0.092668,0.5,False,predicted_ev_below_threshold,0.566978,0.75,False,predicted_ev_below_threshold
2026-06-05T08:57:02.321513+00:00,candidate_93d9a5ee039a,market_8b96ab127b02,slug_8b96ab127b02,UP,120-150,122.233,,0.92163,0.24163,0.67,0.68,0.01,0.68,,True,0.167792,0.5,False,predicted_ev_below_threshold,0.47012,0.75,False,predicted_ev_below_threshold
2026-06-05T08:57:57.081381+00:00,candidate_0f885745a746,market_8b96ab127b02,slug_8b96ab127b02,UP,150-180,177.002,,0.854538,0.244538,0.6,0.61,0.01,0.61,,True,0.249455,0.5,False,predicted_ev_below_threshold,0.354728,0.75,False,predicted_ev_below_threshold
2026-06-05T08:58:00.094683+00:00,candidate_6afddb880108,market_8b96ab127b02,slug_8b96ab127b02,UP,180-210,180.013,,0.890415,0.280415,0.6,0.61,0.01,0.63,,True,0.264636,0.5,False,predicted_ev_below_threshold,0.341247,0.75,False,predicted_ev_below_threshold
2026-06-05T08:58:03.098421+00:00,candidate_a87bcbb99c13,market_8b96ab127b02,slug_8b96ab127b02,UP,180-210,183.033,,0.88626,0.30626,0.57,0.58,0.01,0.6,,True,0.463247,0.5,False,predicted_ev_below_threshold,0.261195,0.75,False,predicted_ev_below_threshold
2026-06-05T08:58:06.108466+00:00,candidate_5b37d9e203aa,market_8b96ab127b02,slug_8b96ab127b02,UP,180-210,186.039,,0.915428,0.275428,0.63,0.64,0.01,0.66,,True,0.156663,0.5,False,predicted_ev_below_threshold,0.411978,0.75,False,predicted_ev_below_threshold
2026-06-05T08:58:09.111394+00:00,candidate_6ee758009cac,market_8b96ab127b02,slug_8b96ab127b02,UP,180-210,189.054,,0.905836,0.265836,0.63,0.64,0.01,0.66,,True,0.379309,0.5,False,predicted_ev_below_threshold,0.306273,0.75,False,predicted_ev_below_threshold
2026-06-05T08:58:44.482473+00:00,candidate_b10cbe5361d9,market_8b96ab127b02,slug_8b96ab127b02,UP,210-240,224.414,,0.883387,0.243387,0.63,0.64,0.01,0.64,,True,0.243481,0.5,False,predicted_ev_below_threshold,0.263371,0.75,False,predicted_ev_below_threshold
2026-06-05T08:58:47.683412+00:00,candidate_55978dc09550,market_8b96ab127b02,slug_8b96ab127b02,UP,210-240,227.624,,0.983547,0.323547,0.65,0.66,0.01,0.68,,True,0.424515,0.5,False,predicted_ev_below_threshold,0.400434,0.75,False,predicted_ev_below_threshold
2026-06-05T08:58:50.695411+00:00,candidate_c3300a2466f7,market_8b96ab127b02,slug_8b96ab127b02,UP,210-240,230.633,,0.985852,0.245852,0.73,0.74,0.01,0.74,,True,0.254336,0.5,False,predicted_ev_below_threshold,0.457514,0.75,False,predicted_ev_below_threshold
2026-06-05T08:58:58.958444+00:00,candidate_4e7bfcbab3f8,market_8b96ab127b02,slug_8b96ab127b02,UP,210-240,238.897,,0.995566,0.245566,0.74,0.75,0.01,0.75,,True,0.252987,0.5,False,predicted_ev_below_threshold,0.494337,0.75,False,predicted_ev_below_threshold
2026-06-05T09:02:04.004438+00:00,candidate_7de0be7bc86d,market_348e583fb455,slug_348e583fb455,UP,120-150,123.935,,0.990552,0.240552,0.74,0.75,0.01,0.75,,True,-0.029437,0.5,False,predicted_ev_below_threshold,0.691319,0.75,False,predicted_ev_below_threshold
2026-06-05T09:12:09.540426+00:00,candidate_6c649d84b6cb,market_9f0e2e58c975,slug_9f0e2e58c975,DOWN,120-150,129.477,,0.787768,0.277768,0.5,0.51,0.01,0.53,,True,0.017306,0.5,False,predicted_ev_below_threshold,0.250709,0.75,False,predicted_ev_below_threshold
2026-06-05T09:12:12.658407+00:00,candidate_48d04b2d4ad7,market_9f0e2e58c975,slug_9f0e2e58c975,DOWN,120-150,132.597,,0.754825,0.244825,0.5,0.51,0.01,0.51,,True,0.08136,0.5,False,predicted_ev_below_threshold,0.16332,0.75,False,predicted_ev_below_threshold
2026-06-05T09:13:19.790536+00:00,candidate_42522e75049b,market_9f0e2e58c975,slug_9f0e2e58c975,UP,180-210,199.728,,0.647731,0.437731,0.2,0.21,0.01,0.23,,True,2.153202,0.5,True,none,0.225857,0.75,False,predicted_ev_below_threshold
2026-06-05T09:13:26.835443+00:00,candidate_660c6f5ac36f,market_9f0e2e58c975,slug_9f0e2e58c975,UP,180-210,206.776,,0.763447,0.283447,0.47,0.48,0.01,0.5,,True,0.802597,0.5,True,none,0.270161,0.75,False,predicted_ev_below_threshold
2026-06-05T09:17:41.242420+00:00,candidate_af9f989ce249,market_dcf107d9e16f,slug_dcf107d9e16f,DOWN,150-180,161.179,,0.810428,0.240428,0.56,0.57,0.01,0.57,,True,0.194162,0.5,False,predicted_ev_below_threshold,0.21067,0.75,False,predicted_ev_below_threshold
2026-06-05T09:28:07.067580+00:00,candidate_2a01f264ccae,market_9be0764c184a,slug_9be0764c184a,UP,180-210,186.991,,0.741263,0.261263,0.47,0.48,0.01,0.5,,True,0.308345,0.5,False,predicted_ev_below_threshold,0.226215,0.75,False,predicted_ev_below_threshold
2026-06-05T09:28:11.506476+00:00,candidate_650ae606fcf3,market_9be0764c184a,slug_9be0764c184a,UP,180-210,191.437,,0.861177,0.251177,0.6,0.61,0.01,0.62,,True,0.370951,0.5,False,predicted_ev_below_threshold,0.302794,0.75,False,predicted_ev_below_threshold
2026-06-05T09:43:28.561419+00:00,candidate_b3b4ef432940,market_0fc0fba50951,slug_0fc0fba50951,DOWN,180-210,208.497,,0.707364,0.267364,0.43,0.44,0.01,0.46,,True,0.030725,0.5,False,predicted_ev_below_threshold,0.217852,0.75,False,predicted_ev_below_threshold
2026-06-05T09:43:51.738422+00:00,candidate_c427f9df670b,market_0fc0fba50951,slug_0fc0fba50951,UP,210-240,231.681,,0.520843,0.260843,0.25,0.26,0.01,0.28,,True,0.187416,0.5,False,predicted_ev_below_threshold,0.302633,0.75,False,predicted_ev_below_threshold
2026-06-05T09:48:43.856460+00:00,candidate_92d8d1010270,market_fe284b237cd6,slug_fe284b237cd6,UP,210-240,223.785,,0.894233,0.244233,0.64,0.65,0.01,0.65,,True,0.245431,0.5,False,predicted_ev_below_threshold,0.394431,0.75,False,predicted_ev_below_threshold
2026-06-05T09:48:46.845407+00:00,candidate_93ee525e865d,market_fe284b237cd6,slug_fe284b237cd6,UP,210-240,226.785,,0.921349,0.271349,0.64,0.65,0.01,0.67,,True,0.175413,0.5,False,predicted_ev_below_threshold,0.33973,0.75,False,predicted_ev_below_threshold
2026-06-05T09:54:17.094445+00:00,candidate_f6c25be6ae04,market_bf11e40b5189,slug_bf11e40b5189,UP,240-270,257.02,,0.899385,0.259385,0.63,0.64,0.01,0.65,,True,0.22163,0.5,False,predicted_ev_below_threshold,0.430325,0.75,False,predicted_ev_below_threshold
2026-06-05T09:54:20.627464+00:00,candidate_977060797a94,market_bf11e40b5189,slug_bf11e40b5189,UP,240-270,260.557,,0.928484,0.258484,0.66,0.67,0.01,0.68,,True,0.308734,0.5,False,predicted_ev_below_threshold,0.491436,0.75,False,predicted_ev_below_threshold
2026-06-05T09:58:15.022469+00:00,candidate_1d071930241b,market_044e93fd4891,slug_044e93fd4891,DOWN,180-210,194.966,,0.802743,0.252743,0.54,0.55,0.01,0.56,,True,-0.292194,0.5,False,predicted_ev_below_threshold,0.171644,0.75,False,predicted_ev_below_threshold
2026-06-05T09:59:31.091479+00:00,candidate_85e0331befae,market_044e93fd4891,slug_044e93fd4891,UP,270-300,270.92,,0.453222,0.253222,0.19,0.2,0.01,0.21,,True,-0.166467,0.5,False,predicted_ev_below_threshold,0.502805,0.75,False,predicted_ev_below_threshold
2026-06-05T10:02:19.638457+00:00,candidate_8af4cd7205d4,market_c48a6180a289,slug_c48a6180a289,DOWN,120-150,139.575,,0.583883,0.273883,0.3,0.31,0.01,0.33,,True,1.540504,0.5,True,none,0.12873,0.75,False,predicted_ev_below_threshold
2026-06-05T10:02:30.221421+00:00,candidate_e04382ebba9c,market_c48a6180a289,slug_c48a6180a289,DOWN,150-180,150.163,,0.604245,0.294245,0.3,0.31,0.01,0.33,,True,0.65279,0.5,True,none,0.126233,0.75,False,predicted_ev_below_threshold
2026-06-05T10:02:33.240435+00:00,candidate_c68171d2cecf,market_c48a6180a289,slug_c48a6180a289,DOWN,150-180,153.182,,0.608665,0.258665,0.34,0.35,0.01,0.36,,True,0.432383,0.5,False,predicted_ev_below_threshold,0.136672,0.75,False,predicted_ev_below_threshold
2026-06-05T10:02:45.301428+00:00,candidate_e7fa10471a24,market_c48a6180a289,slug_c48a6180a289,DOWN,150-180,165.241,,0.842,0.322,0.51,0.52,0.01,0.54,,True,0.341365,0.5,False,predicted_ev_below_threshold,0.139508,0.75,False,predicted_ev_below_threshold
2026-06-05T10:02:48.331421+00:00,candidate_a7fb57f3ffff,market_c48a6180a289,slug_c48a6180a289,DOWN,150-180,168.269,,0.839541,0.249541,0.58,0.59,0.01,0.59,,True,-0.066043,0.5,False,predicted_ev_below_threshold,0.199267,0.75,False,predicted_ev_below_threshold
2026-06-05T10:03:17.803413+00:00,candidate_fc1ce214b617,market_c48a6180a289,slug_c48a6180a289,UP,180-210,197.745,,0.597644,0.287644,0.3,0.31,0.01,0.33,,True,0.053465,0.5,False,predicted_ev_below_threshold,0.160153,0.75,False,predicted_ev_below_threshold
2026-06-05T10:03:22.427397+00:00,candidate_f141ccf55175,market_c48a6180a289,slug_c48a6180a289,UP,180-210,202.357,,0.556049,0.246049,0.3,0.31,0.01,0.31,,True,-0.49441,0.5,False,predicted_ev_below_threshold,0.177052,0.75,False,predicted_ev_below_threshold
2026-06-05T10:04:13.115420+00:00,candidate_3607afa68c2f,market_c48a6180a289,slug_c48a6180a289,DOWN,240-270,253.055,,0.917028,0.257028,0.65,0.66,0.01,0.67,,True,-0.18513,0.5,False,predicted_ev_below_threshold,0.32912,0.75,False,predicted_ev_below_threshold
2026-06-05T10:04:16.213491+00:00,candidate_eba385560b53,market_c48a6180a289,slug_c48a6180a289,DOWN,240-270,256.14,,0.937057,0.277057,0.65,0.66,0.01,0.68,,True,0.168401,0.5,False,predicted_ev_below_threshold,0.257391,0.75,False,predicted_ev_below_threshold
2026-06-05T10:04:19.265470+00:00,candidate_2c5444d60382,market_c48a6180a289,slug_c48a6180a289,DOWN,240-270,259.202,,0.972334,0.312334,0.65,0.66,0.01,0.68,,True,0.343713,0.5,False,predicted_ev_below_threshold,0.231214,0.75,False,predicted_ev_below_threshold
2026-06-05T10:11:59.164422+00:00,candidate_09e81238cb60,market_0c8c03a044d9,slug_0c8c03a044d9,DOWN,90-120,119.107,,0.362074,0.242074,0.11,0.12,0.01,0.12,,True,-0.035433,0.5,False,predicted_ev_below_threshold,0.522359,0.75,False,predicted_ev_below_threshold
2026-06-05T10:23:33.684429+00:00,candidate_b2200d271887,market_dccf2f802aa0,slug_dccf2f802aa0,DOWN,210-240,213.622,,0.811258,0.251258,0.55,0.56,0.01,0.57,,True,-0.079745,0.5,False,predicted_ev_below_threshold,0.160344,0.75,False,predicted_ev_below_threshold
2026-06-05T10:27:57.071474+00:00,candidate_4d690d0f36d6,market_1be076d657a0,slug_1be076d657a0,UP,150-180,177.003,,0.941243,0.241243,0.69,0.7,0.01,0.7,,True,-0.056985,0.5,False,predicted_ev_below_threshold,0.633806,0.75,False,predicted_ev_below_threshold
2026-06-05T10:28:30.073391+00:00,candidate_ff7efa150b0b,market_1be076d657a0,slug_1be076d657a0,UP,210-240,210.001,,0.874445,0.254445,0.61,0.62,0.01,0.63,,True,-0.031273,0.5,False,predicted_ev_below_threshold,0.550431,0.75,False,predicted_ev_below_threshold
2026-06-05T10:28:33.491487+00:00,candidate_4c6469299e97,market_1be076d657a0,slug_1be076d657a0,UP,210-240,213.412,,0.946418,0.296418,0.64,0.65,0.01,0.67,,True,0.139591,0.5,False,predicted_ev_below_threshold,0.563569,0.75,False,predicted_ev_below_threshold
2026-06-05T10:29:02.566493+00:00,candidate_ba958e573532,market_1be076d657a0,slug_1be076d657a0,UP,240-270,242.473,,0.858058,0.288058,0.55,0.57,0.02,0.59,,True,0.151565,0.5,False,predicted_ev_below_threshold,0.425569,0.75,False,predicted_ev_below_threshold
2026-06-05T10:29:06.708555+00:00,candidate_c466a9d099f2,market_1be076d657a0,slug_1be076d657a0,UP,240-270,246.63,,0.86624,0.24624,0.61,0.62,0.01,0.62,,True,0.145168,0.5,False,predicted_ev_below_threshold,0.502043,0.75,False,predicted_ev_below_threshold
2026-06-05T10:29:09.908368+00:00,candidate_439c798afd06,market_1be076d657a0,slug_1be076d657a0,UP,240-270,249.847,,0.893954,0.243954,0.64,0.65,0.01,0.65,,True,0.309938,0.5,False,predicted_ev_below_threshold,0.50051,0.75,False,predicted_ev_below_threshold
2026-06-05T10:29:13.222401+00:00,candidate_9c56f7736508,market_1be076d657a0,slug_1be076d657a0,UP,240-270,253.164,,0.934968,0.274968,0.65,0.66,0.01,0.68,,True,0.495422,0.5,False,predicted_ev_below_threshold,0.388048,0.75,False,predicted_ev_below_threshold
2026-06-05T10:33:25.784422+00:00,candidate_094453407d2f,market_ee458a321140,slug_ee458a321140,DOWN,180-210,205.722,,0.441485,0.281485,0.15,0.16,0.01,0.18,,True,1.080654,0.5,True,none,0.147735,0.75,False,predicted_ev_below_threshold
2026-06-05T10:33:36.308461+00:00,candidate_376e9ad80a0d,market_ee458a321140,slug_ee458a321140,DOWN,210-240,216.244,,0.605454,0.445454,0.15,0.16,0.01,0.18,,True,2.669083,0.5,True,none,0.109759,0.75,False,predicted_ev_below_threshold
2026-06-05T10:33:40.008360+00:00,candidate_626564612033,market_ee458a321140,slug_ee458a321140,DOWN,210-240,219.946,,0.53845,0.34845,0.18,0.19,0.01,0.21,,True,1.218494,0.5,True,none,0.105005,0.75,False,predicted_ev_below_threshold
2026-06-05T10:33:43.293406+00:00,candidate_8807663ffa7d,market_ee458a321140,slug_ee458a321140,DOWN,210-240,223.228,,0.47901,0.24901,0.22,0.23,0.01,0.23,,True,0.205137,0.5,False,predicted_ev_below_threshold,0.193778,0.75,False,predicted_ev_below_threshold
2026-06-05T10:36:34.035384+00:00,candidate_1633961c9660,market_1066abdf62fc,slug_1066abdf62fc,DOWN,90-120,93.966,,0.873425,0.313425,0.55,0.56,0.01,0.58,,True,0.125643,0.5,False,predicted_ev_below_threshold,0.180963,0.75,False,predicted_ev_below_threshold
2026-06-05T10:41:40.634561+00:00,candidate_39e05defaae6,market_7a2ac93bcf7a,slug_7a2ac93bcf7a,UP,90-120,100.557,,0.94,0.24,0.69,0.7,0.01,0.7,,True,0.082982,0.5,False,predicted_ev_below_threshold,0.722342,0.75,False,predicted_ev_below_threshold
2026-06-05T10:41:43.740386+00:00,candidate_003ac6d5e106,market_7a2ac93bcf7a,slug_7a2ac93bcf7a,UP,90-120,103.572,,0.942255,0.242255,0.69,0.7,0.01,0.7,,True,0.09253,0.5,False,predicted_ev_below_threshold,0.681383,0.75,False,predicted_ev_below_threshold
2026-06-05T10:47:19.140426+00:00,candidate_554658e5ed49,market_4e7e06600cf7,slug_4e7e06600cf7,DOWN,120-150,139.072,,0.927057,0.247057,0.67,0.68,0.01,0.68,,True,-0.050786,0.5,False,predicted_ev_below_threshold,0.585981,0.75,False,predicted_ev_below_threshold
2026-06-05T10:58:02.057490+00:00,candidate_29c540e8f5ac,market_7771292a7745,slug_7771292a7745,DOWN,180-210,181.974,,0.794401,0.254401,0.53,0.54,0.01,0.55,,True,-0.041098,0.5,False,predicted_ev_below_threshold,0.428056,0.75,False,predicted_ev_below_threshold
2026-06-05T10:58:24.940402+00:00,candidate_f746bee4efde,market_7771292a7745,slug_7771292a7745,DOWN,180-210,204.874,,0.889062,0.289062,0.59,0.6,0.01,0.62,,True,-0.058339,0.5,False,predicted_ev_below_threshold,0.47073,0.75,False,predicted_ev_below_threshold
2026-06-05T10:58:27.955381+00:00,candidate_d148484acf77,market_7771292a7745,slug_7771292a7745,DOWN,180-210,207.874,,0.893916,0.243916,0.64,0.65,0.01,0.65,,True,-0.171286,0.5,False,predicted_ev_below_threshold,0.608505,0.75,False,predicted_ev_below_threshold
2026-06-05T10:58:30.948461+00:00,candidate_93b74e10e1d4,market_7771292a7745,slug_7771292a7745,DOWN,210-240,210.876,,0.976763,0.246763,0.72,0.73,0.01,0.73,,True,-0.086914,0.5,False,predicted_ev_below_threshold,0.546848,0.75,False,predicted_ev_below_threshold
2026-06-05T10:58:35.939367+00:00,candidate_644bf95f1c8e,market_7771292a7745,slug_7771292a7745,UP,210-240,215.874,,0.549088,0.269088,0.27,0.28,0.01,0.3,,True,0.532543,0.5,True,none,0.339894,0.75,False,predicted_ev_below_threshold
2026-06-05T10:58:39.459411+00:00,candidate_b6d0e15bc4ab,market_7771292a7745,slug_7771292a7745,UP,210-240,219.399,,0.635784,0.355784,0.27,0.28,0.01,0.3,,True,0.716567,0.5,True,none,0.167297,0.75,False,predicted_ev_below_threshold
2026-06-05T11:08:22.650452+00:00,candidate_f1d89619e480,market_451c0923a972,slug_451c0923a972,DOWN,180-210,202.585,,0.887001,0.277001,0.6,0.61,0.01,0.63,,True,-0.021015,0.5,False,predicted_ev_below_threshold,0.255722,0.75,False,predicted_ev_below_threshold
2026-06-05T11:14:02.047532+00:00,candidate_b6a6ae9aa693,market_de079f68993b,slug_de079f68993b,UP,240-270,241.971,,0.620257,0.240257,0.37,0.38,0.01,0.38,,True,-0.22806,0.5,False,predicted_ev_below_threshold,0.530018,0.75,False,predicted_ev_below_threshold
2026-06-05T11:15:47.684460+00:00,candidate_6019b5b9bc7d,market_cd61433f8789,slug_cd61433f8789,DOWN,30-60,47.619,,0.685639,0.265639,0.4,0.42,0.02,0.44,,True,0.564907,0.5,True,none,0.193539,0.75,False,predicted_ev_below_threshold
2026-06-05T11:24:15.142434+00:00,candidate_31c48b8a107b,market_0625eabbf47b,slug_0625eabbf47b,DOWN,240-270,255.073,,0.518886,0.268886,0.24,0.25,0.01,0.27,,True,0.135699,0.5,False,predicted_ev_below_threshold,0.230836,0.75,False,predicted_ev_below_threshold
2026-06-05T11:59:11.139362+00:00,candidate_49fab8dd3515,market_5ead4fb8b0a0,slug_5ead4fb8b0a0,UP,240-270,251.078,,0.556786,0.306786,0.24,0.25,0.01,0.27,,True,0.355207,0.5,False,predicted_ev_below_threshold,0.197652,0.75,False,predicted_ev_below_threshold
2026-06-05T12:58:47.924344+00:00,candidate_6f482f030343,market_4613de2592ba,slug_4613de2592ba,UP,210-240,227.869,,0.893469,0.253469,0.63,0.64,0.01,0.65,,True,0.062555,0.5,False,predicted_ev_below_threshold,0.206092,0.75,False,predicted_ev_below_threshold
2026-06-05T12:59:42.424960+00:00,candidate_79aa3f61d9db,market_4613de2592ba,slug_4613de2592ba,UP,270-300,282.382,,0.786825,0.316825,0.46,0.47,0.01,0.49,,True,0.223327,0.5,False,predicted_ev_below_threshold,0.159932,0.75,False,predicted_ev_below_threshold
